GSTIN :-,27BDIPN4388N1ZP,,Legal Name:-,SHILPA SUDHEER NAYAK,, Trade Name:-,S K ENTERPRISES,,
FY :-,2019-20,,Report last updated on :-,2/5/2020 18:07,,,,,
,,,,,,,,,
,,,,,,,,,
Credit and Liability Statement,,,,,,,,,
,,,,,,,,,
,,,,,,,,,
Tax Period ,Tax liability as per GSTR-1 and as per GSTR-3B,,ITC claimed in GSTR-3B and accrued as per GSTR-2A,,,,,,
,As per GSTR-1,As per GSTR-3B,ITC Claimed in GSTR-3B,ITC as per GSTR-2A,,,,,
 April-19, ,61563,55929,37393.02,,,,,
 May-19, ,188769,171974,163977.5,,,,,
 June-19,438280.56,187950,193964,215601.02,,,,,
 July-19, ,173618,179630,124563.8,,,,,
 August-19, ,307743,285858,301383.1,,,,,
 September-19,711532.7,230170,233273,296360.64,,,,,
 October-19, ,216492,233466,156475.55,,,,,
 November-19, ,231441,198168,133559.52,,,,,
 December-19,639979.58,194528,181443,254209.76,,,642461,639980,2481
 January-20, ,346293,299867,213299.36,,,,,
 February-20, ,374371,330556,266812.3,,,,,
 March-20, , , ,21262.5,,,,,
 Total,1789792.84,2512938,2364128,2184898.07,,,,,
